{
  "project_info": {
    "project_number": "993428557619",
    "firebase_url": "https://raspberry-pi-ab274.firebaseio.com",
    "project_id": "raspberry-pi-ab274",
    "storage_bucket": "raspberry-pi-ab274.appspot.com"
  },
  "client": [
    {
      "client_info": {
        "mobilesdk_app_id": "1:993428557619:android:a7ae7fe0ff83a5b3",
        "android_client_info": {
          "package_name": "com.code_design_camp.client.friday.HeadDisplayClient"
        }
      },
      "oauth_client": [
        {
          "client_id": "993428557619-miseqsah856kho9e56l1cvte2utkhmb0.apps.googleusercontent.com",
          "client_type": 1,
          "android_info": {
            "package_name": "com.code_design_camp.client.friday.HeadDisplayClient",
            "certificate_hash": "71c48e48b954c00281593afba97e9c9d7e1af2f0"
          }
        },
        {
          "client_id": "993428557619-nh2tmbaj3o4c8rppmskjg6hd6bu39md8.apps.googleusercontent.com",
          "client_type": 3
        }
      ],
      "api_key": [
        {
          "current_key": "AIzaSyDN769MFn9HylSA_vyOBgn93xBgabTHY7k"
        }
      ],
      "services": {
        "analytics_service": {
          "status": 1
        },
        "appinvite_service": {
          "status": 2,
          "other_platform_oauth_client": [
            {
              "client_id": "993428557619-nh2tmbaj3o4c8rppmskjg6hd6bu39md8.apps.googleusercontent.com",
              "client_type": 3
            }
          ]
        },
        "ads_service": {
          "status": 2
        }
      }
    }
  ],
  "configuration_version": "1"
}